,Average software spend (£) 2007-2017,Average software spend (% of all funding) 2007-2017
NC3Rs,499353.3772727273,15.64
AHRC,12513384.109090907,26.1
ESRC,27236374.849350646,22.23
MRC,31284096.618344154,12.29
NERC,46120262.63084415,46.38
STFC,49292266.50995671,47.52
BBSRC,51407888.48290043,24.53
EPSRC,261785368.58687523,49.83
