,Average spend (£) 2010-2017,Average spend (% of all funding) 2010-2017
NC3Rs,256975.21875,79.36
AHRC,4091930.229166667,83.22
ESRC,8911434.585119048,63.43
NERC,10711986.146130953,89.71
STFC,11936867.091369048,82.15
MRC,15466361.150992066,58.37
BBSRC,18484759.83407738,71.32
EPSRC,35672722.8750947,67.54
