,Average spend (£) 2010-2017,Average spend (% of all funding) 2010-2017
NC3Rs,2959044.648333333,83.92
AHRC,36800422.481818184,76.86
STFC,76816449.89969827,74.6
ESRC,78719658.71240981,65.24
NERC,84881516.51562048,85.2
MRC,136502454.70157912,54.0
BBSRC,149396160.85335496,71.17
EPSRC,398591838.72376037,76.25
