,Average spend (£) 2010-2017,Average spend (% of all funding) 2010-2017
NC3Rs,0.0,0.0
AHRC,1382788.6958333333,28.12
ESRC,4260107.022619047,30.32
NERC,4297406.622916667,35.99
MRC,6095646.000099206,23.0
BBSRC,9817788.025744047,37.88
STFC,10965645.48095238,75.47
EPSRC,31233101.82928842,59.13
